<?xml version="1.0" encoding="UTF-8"?>
<project-private xmlns="http://www.netbeans.org/ns/project-private/1">
    <editor-bookmarks xmlns="http://www.netbeans.org/ns/editor-bookmarks/2" lastBookmarkId="0"/>
    <open-files xmlns="http://www.netbeans.org/ns/projectui-open-files/2">
        <group>
            <file>file:/home/wevertonrocha/Área%20de%20trabalho/SistemaLocacao_DB/src/sistemalocacao/Cliente.java</file>
            <file>file:/home/wevertonrocha/Área%20de%20trabalho/SistemaLocacao_DB/src/sistemalocacao/Espaco.java</file>
            <file>file:/home/wevertonrocha/Área%20de%20trabalho/SistemaLocacao_DB/src/sistemalocacao/Locacao.java</file>
            <file>file:/home/wevertonrocha/Área%20de%20trabalho/SistemaLocacao_DB/src/sistemalocacao/LojaComercial.java</file>
            <file>file:/home/wevertonrocha/Área%20de%20trabalho/SistemaLocacao_DB/src/sistemalocacao/ClienteDAO.java</file>
            <file>file:/home/wevertonrocha/Área%20de%20trabalho/SistemaLocacao_DB/src/sistemalocacao/EspacoDAO.java</file>
            <file>file:/home/wevertonrocha/Área%20de%20trabalho/SistemaLocacao_DB/src/sistemalocacao/LocacaoDAO.java</file>
            <file>file:/home/wevertonrocha/Área%20de%20trabalho/SistemaLocacao_DB/src/sistemalocacao/LocadorDAO.java</file>
        </group>
    </open-files>
</project-private>
